Workbook

Sheet Coverage Dashboard
A1: AquaZeroFit Requirements Coverage Dashboard
A2: AquaZero | NIT3003 Group 15 | Every figure below is a live formula reading the Traceability Matrix sheet. Update status there, not here.
A4: Brief requirement | B4: Description | C4: Requirements mapped | D4: Complete | E4: Coverage | F4: Test cases
A5: 1 | B5: Secure registration, authentication and personalised wellness profile management | C5: =COUNTIF('Traceability Matrix'!$B$5:$B$200,$A5) -> 5 | D5: =COUNTIFS('Traceability Matrix'!$B$5:$B$200,$A5,'Traceability Matrix'!$I$5:$I$200,"Complete") -> 4 | E5: =IFERROR($D5/$C5,0) -> 0.8 | F5: =COUNTIF('Test Case Register'!$C$5:$C$200,"Req "&$A5) -> 6
A6: 2 | B6: User profile including weight, height, age, goals, dietary preferences, activity level | C6: =COUNTIF('Traceability Matrix'!$B$5:$B$200,$A6) -> 3 | D6: =COUNTIFS('Traceability Matrix'!$B$5:$B$200,$A6,'Traceability Matrix'!$I$5:$I$200,"Complete") -> 3 | E6: =IFERROR($D6/$C6,0) -> 1 | F6: =COUNTIF('Test Case Register'!$C$5:$C$200,"Req "&$A6) -> 3
A7: 3 | B7: Food logging with computer vision meal image recognition and calorie estimation | C7: =COUNTIF('Traceability Matrix'!$B$5:$B$200,$A7) -> 5 | D7: =COUNTIFS('Traceability Matrix'!$B$5:$B$200,$A7,'Traceability Matrix'!$I$5:$I$200,"Complete") -> 3 | E7: =IFERROR($D7/$C7,0) -> 0.6 | F7: =COUNTIF('Test Case Register'!$C$5:$C$200,"Req "&$A7) -> 5
A8: 4 | B8: Nutrition monitoring dashboard: calories, protein, carbs, fat, water, weight | C8: =COUNTIF('Traceability Matrix'!$B$5:$B$200,$A8) -> 4 | D8: =COUNTIFS('Traceability Matrix'!$B$5:$B$200,$A8,'Traceability Matrix'!$I$5:$I$200,"Complete") -> 3 | E8: =IFERROR($D8/$C8,0) -> 0.75 | F8: =COUNTIF('Test Case Register'!$C$5:$C$200,"Req "&$A8) -> 4
A9: 5 | B9: AI-powered recommendation engine for meal plans and healthy recipes | C9: =COUNTIF('Traceability Matrix'!$B$5:$B$200,$A9) -> 2 | D9: =COUNTIFS('Traceability Matrix'!$B$5:$B$200,$A9,'Traceability Matrix'!$I$5:$I$200,"Complete") -> 1 | E9: =IFERROR($D9/$C9,0) -> 0.5 | F9: =COUNTIF('Test Case Register'!$C$5:$C$200,"Req "&$A9) -> 2
A10: 6 | B10: Personalised home training and weight-loss planning system | C10: =COUNTIF('Traceability Matrix'!$B$5:$B$200,$A10) -> 4 | D10: =COUNTIFS('Traceability Matrix'!$B$5:$B$200,$A10,'Traceability Matrix'!$I$5:$I$200,"Complete") -> 0 | E10: =IFERROR($D10/$C10,0) -> 0 | F10: =COUNTIF('Test Case Register'!$C$5:$C$200,"Req "&$A10) -> 4
A11: 7 | B11: Daily workout recommendation module with descriptions, images or videos | C11: =COUNTIF('Traceability Matrix'!$B$5:$B$200,$A11) -> 2 | D11: =COUNTIFS('Traceability Matrix'!$B$5:$B$200,$A11,'Traceability Matrix'!$I$5:$I$200,"Complete") -> 0 | E11: =IFERROR($D11/$C11,0) -> 0 | F11: =COUNTIF('Test Case Register'!$C$5:$C$200,"Req "&$A11) -> 2
A12: 8 | B12: Progress tracking dashboard: weight, calorie trends, training history, achievements | C12: =COUNTIF('Traceability Matrix'!$B$5:$B$200,$A12) -> 3 | D12: =COUNTIFS('Traceability Matrix'!$B$5:$B$200,$A12,'Traceability Matrix'!$I$5:$I$200,"Complete") -> 1 | E12: =IFERROR($D12/$C12,0) -> 0.33333333 | F12: =COUNTIF('Test Case Register'!$C$5:$C$200,"Req "&$A12) -> 3
A13: 9 | B13: Conversational AI assistant for nutrition, fitness and wellness guidance | C13: =COUNTIF('Traceability Matrix'!$B$5:$B$200,$A13) -> 4 | D13: =COUNTIFS('Traceability Matrix'!$B$5:$B$200,$A13,'Traceability Matrix'!$I$5:$I$200,"Complete") -> 2 | E13: =IFERROR($D13/$C13,0) -> 0.5 | F13: =COUNTIF('Test Case Register'!$C$5:$C$200,"Req "&$A13) -> 5
A14: 10 | B14: Safety, privacy and ethical design for sensitive wellness data | C14: =COUNTIF('Traceability Matrix'!$B$5:$B$200,$A14) -> 6 | D14: =COUNTIFS('Traceability Matrix'!$B$5:$B$200,$A14,'Traceability Matrix'!$I$5:$I$200,"Complete") -> 2 | E14: =IFERROR($D14/$C14,0) -> 0.33333333 | F14: =COUNTIF('Test Case Register'!$C$5:$C$200,"Req "&$A14) -> 6
A15: 11 | B15: Prompt bank, LLMOps, GitHub workflow, Agile planning, UML, UI/UX design | C15: =COUNTIF('Traceability Matrix'!$B$5:$B$200,$A15) -> 8 | D15: =COUNTIFS('Traceability Matrix'!$B$5:$B$200,$A15,'Traceability Matrix'!$I$5:$I$200,"Complete") -> 6 | E15: =IFERROR($D15/$C15,0) -> 0.75 | F15: =COUNTIF('Test Case Register'!$C$5:$C$200,"Req "&$A15) -> 8
B16: TOTAL | C16: =SUM(C5:C15) -> 46 | D16: =SUM(D5:D15) -> 25 | E16: =IFERROR(D16/C16,0) -> 0.54347826 | F16: =SUM(F5:F15) -> 48
B18: Status summary across all mapped requirements
B19: Complete | C19: =COUNTIF('Traceability Matrix'!$I$5:$I$200,$B19) -> 25 | D19: =IFERROR($C19/SUM($C$19:$C$22),0) -> 0.54347826
B20: In progress | C20: =COUNTIF('Traceability Matrix'!$I$5:$I$200,$B20) -> 21 | D20: =IFERROR($C20/SUM($C$19:$C$22),0) -> 0.45652174
B21: Not started | C21: =COUNTIF('Traceability Matrix'!$I$5:$I$200,$B21) -> 0 | D21: =IFERROR($C21/SUM($C$19:$C$22),0) -> 0
B22: Deferred | C22: =COUNTIF('Traceability Matrix'!$I$5:$I$200,$B22) -> 0 | D22: =IFERROR($C22/SUM($C$19:$C$22),0) -> 0
B24: How to use this workbook
B25: 1. Update the Status column on the Traceability Matrix sheet only. Every figure on this dashboard recalculates from it.
B26: 2. A requirement may be marked Complete only when it can be demonstrated live, explained by its owner, and independently verified.
B27: 3. Coverage of 100 percent on this sheet means every mapped requirement is Complete, not that every requirement exists.
B28: 4. Test case counts read the Test Case Register sheet and match on the brief requirement reference.
B29: 5. Status values are restricted by a dropdown to keep the counts accurate. Do not type free text into the Status column.
B31: Gap checks, every count must read zero before submission
B32: Check | C32: Count | D32: Meaning
B33: Functional requirements not yet Complete | C33: =COUNTIF('Traceability Matrix'!$I$5:$I$200,"In progress")+COUNTIF('Traceability Matrix'!$I$5:$I$200,"Not started") -> 21 | D33: Nothing should remain incomplete at submission
B34: Functional requirements with no test case | C34: =COUNTBLANK('Traceability Matrix'!$G$5:$G$50) -> 0 | D34: Every requirement must map to a test case
B35: Non-functional requirements not Complete | C35: =COUNTIF('NFR Matrix'!$H$5:$H$200,"In progress")+COUNTIF('NFR Matrix'!$H$5:$H$200,"Not started") -> 5 | D35: Quality attributes are assessed, not assumed
B36: Test cases with a Fail result | C36: =COUNTIF('Test Case Register'!$G$5:$G$200,"Fail") -> 0 | D36: A failing test blocks release under the AQF-14 exit criteria
B37: Test cases never run | C37: =COUNTIF('Test Case Register'!$G$5:$G$200,"Not run") -> 22 | D37: An unrun test provides no evidence of completion
B38: Test cases Blocked | C38: =COUNTIF('Test Case Register'!$G$5:$G$200,"Blocked") -> 0 | D38: A blocked test needs an owner and an escalation
B40: Assumption: status values are entered only from the dropdown lists. A value typed outside those lists is not counted anywhere on this sheet.
B41: Owner key: Babatundji Williams-Fulwood, Technical Lead, Architect, Backend and AI. Eric La, Frontend, UI and Accessibility. Victor Hong, Data and Quality.

Sheet Traceability Matrix
A1: AquaZeroFit Traceability Matrix
A2: Brief requirement to PRD feature to specification to design to module to test case. One row per requirement. Status drives the dashboard.
A4: FR ID | B4: Brief req. | C4: PRD feature | D4: Requirement summary | E4: Design reference | F4: Implementing module | G4: Test case | H4: Owner | I4: Status | J4: Priority | K4: Verification evidence
A5: FR-001 | B5: 1 | C5: F1 | D5: Register with email and password, enforcing minimum password strength | E5: AQF-09 s1 auth | F5: apps/api/auth | G5: TC-001 | H5: Babatundji | I5: Complete | J5: Must | K5: Live demonstration and unit test on the password policy
A6: FR-002 | B6: 1 | C6: F1 | D6: Authenticate a Mini App user from server-verified signed launch data | E6: AQF-09 s2.1 | F6: auth/TelegramAuthValidator | G6: TC-004 | H6: Babatundji | I6: Complete | J6: Must | K6: Three test vectors: valid, tampered, stale
A7: FR-003 | B7: 1 | C7: F1 | D7: Issue an access token and a single-use rotating refresh token | E7: AQF-07 s2.1 | F7: auth/TokenService | G7: TC-008 | H7: Babatundji | I7: Complete | J7: Must | K7: Reuse test proves family revocation
A8: FR-004 | B8: 1 | C8: F1 | D8: Link a Telegram identity to an existing web account | E8: AQF-07 s2.3 | F8: apps/api/auth | G8: TC-009 | H8: Babatundji | I8: In progress | J8: Should | K8: One history visible from both channels
A9: FR-005 | B9: 2 | C9: F2 | D9: Capture and store the wellness profile | E9: AQF-06 s3.1 | F9: apps/api/profile | G9: TC-010 | H9: Babatundji | I9: Complete | J9: Must | K9: Profile persisted and re-read after sign-out
A10: FR-006 | B10: 2 | C10: F2 | D10: Validate profile values against safe ranges | E10: AQF-06 s4 | F10: profile/validation | G10: TC-011 | H10: Babatundji | I10: Complete | J10: Must | K10: Boundary tests at each range limit
A11: FR-007 | B11: 2 | C11: F2 | D11: Recompute derived targets when profile inputs change | E11: AQF-09 s2.2 | F11: profile/TargetCalculator | G11: TC-012 | H11: Babatundji | I11: Complete | J11: Must | K11: Targets endpoint reflects change on next read
A12: FR-008 | B12: 10 | C12: F10 | D12: Export and delete all personal data | E12: AQF-11 s5.2 | F12: apps/api/privacy | G12: TC-044 | H12: Babatundji | I12: In progress | J12: Must | K12: Export archive sample and deletion verification
A13: FR-010 | B13: 3 | C13: F3 | D13: Manual meal entry with food, portion, meal type and timestamp | E13: AQF-07 s3.2 | F13: apps/api/food | G13: TC-013 | H13: Babatundji | I13: Complete | J13: Must | K13: Entry appears in day view, totals update
A14: FR-011 | B14: 3 | C14: F3 | D14: Food search across the nutrition database | E14: AQF-06 s5 | F14: food/FoodSearchService | G14: TC-015 | H14: Victor | I14: Complete | J14: Must | K14: Cached query response under target
A15: FR-012 | B15: 3 | C15: F3 | D15: Accept a meal photograph and return foods, portions and nutrition | E15: AQF-09 s3 | F15: apps/api/vision | G15: TC-016 | H15: Babatundji | I15: In progress | J15: Must | K15: Photograph to result under 8 s at P95
... A50: NFR-09 | B50: 11 | C50: F11 | D50: One build runs as a browser application and inside Telegram | E50: AQF-04 s4 | F50: apps/web | G50: TC-063 | H50: Eric | I50: In progress | J50: Should | K50: Both targets exercised in the release smoke test

Sheet NFR Matrix
A1: AquaZeroFit Non-Functional Requirements Matrix
A2: Verified by method rather than by feature. Edit only the Status column.
A4: NFR ID | B4: Category | C4: Requirement | D4: Design reference | E4: Verification method | F4: Owner | G4: Test case | H4: Status
A5: NFR-01 | B5: Performance | C5: CRUD endpoints within 500 ms at the 95th percentile | D5: AQF-04 s9 | E5: Load test with recorded percentiles | F5: Victor | G5: TC-050 | H5: In progress
A6: NFR-02 | B6: Performance | C6: Assistant first token within 3 seconds at the 95th percentile | D6: AQF-04 s9 | E6: Instrumented timing in telemetry | F6: Babatundji | G6: TC-051 | H6: In progress
A7: NFR-03 | B7: Reliability | C7: Core features remain usable during a total AI outage | D7: AQF-15 s4.1 | E7: Fault injection: disable the gateway, run the smoke suite | F7: Victor | G7: TC-040 | H7: Complete
A8: NFR-04 | B8: Security | C8: No secret in source, logs or client bundle | D8: ADR-006, AQF-15 s2 | E8: Automated secret scan on every pull request | F8: Babatundji | G8: TC-052 | H8: Complete
A9: NFR-05 | B9: Security | C9: A user cannot read or modify another user's records | D9: AQF-04 s7 | E9: Authorisation matrix tests across roles | F9: Victor | G9: TC-036 | H9: Complete
A10: NFR-06 | B10: Privacy | C10: Export and deletion complete within the published window | D10: AQF-11 s5.2 | E10: Functional test with evidence capture | F10: Victor | G10: TC-044 | H10: In progress
A11: NFR-07 | B11: Accessibility | C11: Primary flows conform to WCAG 2.1 Level AA | D11: AQF-14 s6 | E11: Automated scan plus manual keyboard and screen-reader pass | F11: Eric | G11: TC-053 | H11: In progress
A12: NFR-08 | B12: Maintainability | C12: Coverage thresholds met on services and safety-critical modules | D12: AQF-14 s3 | E12: Coverage report enforced as a pipeline gate | F12: Babatundji | G12: TC-054 | H12: Complete
A13: NFR-09 | B13: Portability | C13: The same build runs in a browser and inside Telegram | D13: ADR-001 | E13: Both targets exercised in the release smoke test | F13: Eric | G13: TC-041 | H13: In progress
A15: Non-functional requirements are traced to a verification method, not to a feature. Their test cases live in the Test Case Register alongside functional tests.

Sheet Test Case Register
A1: AquaZeroFit Test Case Register
A2: Owner: Victor Hong. Record the outcome and date when each case is executed. Result values are restricted by dropdown.
A4: Test ID | B4: FR ID | C4: Brief requirement | D4: Test method | E4: Expected result | F4: Level | G4: Result | H4: Executed on
A5: TC-001 | B5: FR-001 | C5: Req 1 | D5: Register with an eleven-character password | E5: Rejected with a field-level message, no account created | F5: Unit | G5: Pass
A6: TC-004 | B6: FR-002 | C6: Req 1 | D6: Submit launch data with one field altered | E6: 401 AUTH_TG_INVALID, no session issued | F6: Unit | G6: Pass
A7: TC-005 | B7: FR-002 | C7: Req 1 | D7: Submit launch data older than the freshness window | E7: 401 AUTH_TG_STALE | F7: Unit | G7: Pass
A8: TC-008 | B8: FR-003 | C8: Req 1 | D8: Reuse a consumed refresh token | E8: Rejected and the token family revoked | F8: Integration | G8: Pass
A9: TC-009 | B9: FR-004 | C9: Req 1 | D9: Link Telegram to an existing web account then sign in from both | E9: One account and one continuous history | F9: Integration | G9: Not run
A10: TC-010 | B10: FR-005 | C10: Req 2 | D10: Complete onboarding then sign out and back in | E10: Profile persisted and re-read correctly | F10: Integration | G10: Pass
A11: TC-011 | B11: FR-006 | C11: Req 2 | D11: Submit a weight of 500 kg | E11: Rejected with an explicit range message | F11: Unit | G11: Pass
A12: TC-012 | B12: FR-007 | C12: Req 2 | D12: Change activity level from sedentary to active | E12: Targets recomputed on the next read | F12: Integration | G12: Pass
A13: TC-013 | B13: FR-010 | C13: Req 3 | D13: Log a meal manually and view the day | E13: Entry appears and daily totals update immediately | F13: Integration | G13: Pass
A14: TC-014 | B14: FR-013 | C14: Req 3 | D14: Upload a photograph then abandon the review screen | E14: No meal log exists, the job expires | F14: Integration | G14: Not run
A15: TC-015 | B15: FR-011 | C15: Req 3 | D15: Search the food database for a common item | E15: Results returned under the target latency, source identified | F15: Integration | G15: Pass
A16: TC-016 | B16: FR-012 | C16: Req 3 | D16: Upload a photograph of a mixed plate | E16: Foods, portions and confidence returned within 8 s at P95 | F16: System | G16: Not run
... A52: TC-063 | B52: NFR-09 | C52: Req 11 | D52: Run the release smoke suite against both targets | E52: Both the browser application and the Mini App pass | F52: System | G52: Not run
D54: Cases passed | E54: =COUNTIF(G5:G52,"Pass")&" of "&COUNTA(A5:A52) -> 26 of 48
D55: Cases failed (must be zero to release) | E55: =COUNTIF(G5:G52,"Fail") -> 0
D56: Cases not yet run | E56: =COUNTIF(G5:G52,"Not run") -> 22

Sheet Document Index
A1: AquaZeroFit Document Set
A2: Nineteen documents in production and reading order. Phase gates must close before the next phase begins.
A4: Ref | B4: Document | C4: Phase | D4: Owner | E4: Diagrams | F4: Gate before moving on
A5: AQF-01 | B5: Project Charter and Team Roles | C5: A. Define | D5: Babatundji | E5: 2 | F5: Scope agreed with supervisor, roles fixed
A6: AQF-02 | B6: Product Requirements Document | C6: A. Define | D6: Babatundji | E6: 1 | F6: Features numbered and prioritised
A7: AQF-03 | B7: Software Requirements Specification | C7: A. Define | D7: Babatundji | E7: 1 | F7: Requirements testable, identifiers assigned
A8: AQF-04 | B8: System Architecture (High-Level Design) | C8: B. Design | D8: Babatundji | E8: 4 | F8: Container view and platform choices agreed
A9: AQF-05 | B9: Architecture Decision Records | C9: B. Design | D9: Babatundji | E9: 0 | F9: Eighteen decisions recorded with consequences
A10: AQF-06 | B10: Data Model and Database Schema | C10: B. Design | D10: Babatundji, Victor | E10: 1 | F10: Partition strategy fixed against the hot path
A11: AQF-07 | B11: API Contract | C11: B. Design | D11: Babatundji | E11: 1 | F11: Contract frozen so both sides build in parallel
A12: AQF-08 | B12: UML Diagram Package | C12: B. Design | D12: Babatundji | E12: 7 | F12: All seven views produced and traced to requirements
A13: AQF-09 | B13: Low-Level Design | C13: B. Design | D13: Babatundji | E13: 1 | F13: Algorithms specified, component contracts agreed
A14: AQF-10 | B14: AI Prompt Bank and LLMOps Plan | C14: C. Assure | D14: Babatundji | E14: 0 | F14: Prompts versioned, evaluation sets defined and gated
A15: AQF-11 | B15: Safety, Privacy and Ethical Design | C15: C. Assure | D15: Babatundji | E15: 1 | F15: Guardrails specified, crisis handling defined
... A24: AQF-20 | B24: Traceability Matrix (this workbook) | C24: E. Report | D24: Victor, Babatundji | E24: 0 | F24: Submission
